"","cdm_name","group_level","min_data","max_data","shortage_year","estimate_before","estimate_after","diff","variable_level","country","data_type","set","variable_name"
"1","INT","amoxicillin",2010,2024,2023,36.5,45.7,1.25205479452055,"Male","Italy","secondary","inc",""
"2","OLVA MS","amoxicillin",2015,2024,2023,22.6666666666667,11.75,0.518382352941176,"Age","Belgium","secondary","inc",""
"3","OPCRD","amoxicillin",2010,2024,2023,30.3333333333333,43,1.41758241758242,"Age","UK","primary","inc",""
"4","THIN Romania","amoxicillin",2010,2023,2023,15.6666666666667,11,0.702127659574468,"Age","Romania","claims P+S","inc",""
"5","ULSGE","amoxicillin",2010,2023,2023,15,11,0.733333333333333,"Age","Portugal","secondary","inc",""
"6","ULSRA","amoxicillin",2010,2023,2023,2.66666666666667,4,1.5,"Age","Portugal","secondary","inc",""
"7","UM DRESDEN","amoxicillin",2018,2024,2023,53.7666666666667,25.3,0.470551766893986,"Male","Germany","secondary","inc",""
"8","Viecuri","amoxicillin",2018,2023,2023,36.9666666666667,50,1.35256988277728,"Female","Netherlands","secondary","inc",""
"9","Viecuri","amoxicillin",2018,2023,2023,63.0333333333333,50,0.793231094658911,"Male","Netherlands","secondary","inc",""
"10","OLVA MS","amoxicillin",2015,2024,2023,16,4.5,0.28125,"Age","Belgium","secondary","prev",""
"11","OPCRD","amoxicillin",2010,2024,2023,30.3333333333333,43.5,1.43406593406593,"Age","UK","primary","prev",""
"12","PGH","amoxicillin",2010,2023,2023,58.3333333333333,43,0.737142857142857,"Age","Greece","secondary","prev",""
"13","PGH","amoxicillin",2010,2023,2023,48.6333333333333,58.7,1.20699108978753,"Female","Greece","secondary","prev",""
"14","PSSJD","amoxicillin",2017,2024,2023,49,60,1.22448979591837,"Age","Spain","secondary","prev",""
"15","THIN Romania","amoxicillin",2010,2023,2023,15.6666666666667,11,0.702127659574468,"Age","Romania","claims P+S","prev",""
"16","ULSRA","amoxicillin",2010,2023,2023,2.66666666666667,4,1.5,"Age","Portugal","secondary","prev",""
"17","UM DRESDEN","amoxicillin",2018,2024,2023,55.3666666666667,26.2,0.473208910295003,"Male","Germany","secondary","prev",""
"18","Viecuri","amoxicillin",2018,2023,2023,36.8,50,1.35869565217391,"Female","Netherlands","secondary","prev",""
"19","Viecuri","amoxicillin",2018,2023,2023,63.2,50,0.791139240506329,"Male","Netherlands","secondary","prev",""
"20","AP-HM","amoxicillin",2014,2024,2023,8.5,6.55,0.770588235294118,"Covid_19","France","secondary","inc","Indication any time prior"
"21","AP-HM","amoxicillin",2014,2024,2023,7.4,3.75,0.506756756756757,"Cystitis_bacteriuria","France","secondary","inc","Indication any time prior"
"22","AP-HM","amoxicillin",2014,2024,2023,3.13333333333333,2,0.638297872340426,"Endocarditis","France","secondary","inc","Indication any time prior"
"23","AP-HM","amoxicillin",2014,2024,2023,59.8,38.3,0.640468227424749,"Infection","France","secondary","inc","Indication any time prior"
"24","AP-HM","amoxicillin",2014,2024,2023,20.2,16,0.792079207920792,"Pneumonia","France","secondary","inc","Indication any time prior"
"25","AP-HM","amoxicillin",2014,2024,2023,2.16666666666667,1.5,0.692307692307692,"Pyelonephritis","France","secondary","inc","Indication any time prior"
"26","AP-HM","amoxicillin",2014,2023,2023,4.8,1.6,0.333333333333333,"Covid_19","France","secondary","inc","Indication during prior 30 days"
"27","AP-HM","amoxicillin",2014,2023,2023,0.9,0.6,0.666666666666667,"Pyelonephritis","France","secondary","inc","Indication during prior 30 days"
"28","AP-HM","amoxicillin",2015,2023,2023,0.733333333333333,0.4,0.545454545454545,"Tonsillitis_pharyngitis","France","secondary","inc","Indication during prior 30 days"
"29","AP-HM","amoxicillin",2014,2024,2023,4.26666666666667,1.8,0.421875,"Cystitis_bacteriuria","France","secondary","inc","Indication during prior 30 days"
"30","AP-HM","amoxicillin",2014,2024,2023,2.46666666666667,1.3,0.527027027027027,"Endocarditis","France","secondary","inc","Indication during prior 30 days"
"31","AP-HM","amoxicillin",2014,2024,2023,47.7,19.9,0.417190775681342,"Infection","France","secondary","inc","Indication during prior 30 days"
"32","AP-HM","amoxicillin",2014,2024,2023,12.8333333333333,7,0.545454545454545,"Pneumonia","France","secondary","inc","Indication during prior 30 days"
"33","AP-HM","amoxicillin",2014,2023,2023,1,0.6,0.6,"Otitis_media","France","secondary","inc","Indication on index date"
"34","AP-HM","amoxicillin",2015,2023,2023,1.03333333333333,0.8,0.774193548387097,"Endocarditis","France","secondary","inc","Indication on index date"
"35","AP-HM","amoxicillin",2014,2024,2023,1.06666666666667,0,0,"Covid_19","France","secondary","inc","Indication on index date"
"36","AP-HM","amoxicillin",2014,2024,2023,10.7333333333333,4.7,0.437888198757764,"Infection","France","secondary","inc","Indication on index date"
"37","AP-HM","amoxicillin",2014,2024,2023,3.83333333333333,1.8,0.469565217391304,"Pneumonia","France","secondary","inc","Indication on index date"
"38","AP-HM","amoxicillin",2018,2024,2023,0.4,0,0,"Tonsillitis_pharyngitis","France","secondary","inc","Indication on index date"
"39","ATENEA","amoxicillin",2014,2024,2023,2.56666666666667,5.45,2.12337662337662,"Covid_19","Spain","secondary","inc","Indication any time prior"
"40","ATENEA","amoxicillin",2014,2024,2023,10.7666666666667,15.25,1.41640866873065,"Pneumonia","Spain","secondary","inc","Indication any time prior"
"41","ATENEA","amoxicillin",2014,2024,2023,0.533333333333333,0.75,1.40625,"Sinusitis","Spain","secondary","inc","Indication any time prior"
"42","ATENEA","amoxicillin",2015,2024,2023,0.333333333333333,0.15,0.45,"Urethritis","Spain","secondary","inc","Indication any time prior"
"43","ATENEA","amoxicillin",2014,2023,2023,1.43333333333333,0.6,0.418604651162791,"Covid_19","Spain","secondary","inc","Indication during prior 30 days"
"44","ATENEA","amoxicillin",2014,2023,2023,0.533333333333333,1.1,2.0625,"Orthopaedic_surgery","Spain","secondary","inc","Indication during prior 30 days"
"45","ATENEA","amoxicillin",2014,2023,2023,0.7,0.3,0.428571428571429,"Tonsillitis_pharyngitis","Spain","secondary","inc","Indication during prior 30 days"
"46","ATENEA","amoxicillin",2014,2024,2023,3.8,5.9,1.55263157894737,"Pneumonia","Spain","secondary","inc","Indication during prior 30 days"
"47","ATENEA","amoxicillin",2014,2023,2023,0.75,0.3,0.4,"Covid_19","Spain","secondary","inc","Indication on index date"
"48","ATENEA","amoxicillin",2014,2023,2023,0.35,0.2,0.571428571428572,"Tonsillitis_pharyngitis","Spain","secondary","inc","Indication on index date"
"49","ATENEA","amoxicillin",2014,2024,2023,0.466666666666667,0.2,0.428571428571429,"Cystitis","Spain","secondary","inc","Indication on index date"
"50","ATENEA","amoxicillin",2014,2024,2023,1.93333333333333,2.45,1.26724137931034,"Pneumonia","Spain","secondary","inc","Indication on index date"
"51","BZMC","amoxicillin",2021,2023,2023,1.6,0.9,0.5625,"Chronic_bronchitis","Israel","secondary","inc","Indication any time prior"
"52","BZMC","amoxicillin",2021,2023,2023,3.65,1.2,0.328767123287671,"Orthopaedic_surgery","Israel","secondary","inc","Indication any time prior"
"53","BZMC","amoxicillin",2020,2024,2023,13.4666666666667,8.2,0.608910891089109,"Covid_19","Israel","secondary","inc","Indication any time prior"
"54","BZMC","amoxicillin",2020,2024,2023,39.6,31.5,0.795454545454545,"Infection","Israel","secondary","inc","Indication any time prior"
"55","BZMC","amoxicillin",2021,2024,2023,6.3,7.6,1.20634920634921,"Pneumonia","Israel","secondary","inc","Indication any time prior"
"56","BZMC","amoxicillin",2021,2023,2023,8.05,1.7,0.211180124223602,"Covid_19","Israel","secondary","inc","Indication during prior 30 days"
"57","BZMC","amoxicillin",2021,2023,2023,1.5,0.9,0.6,"Tonsillitis_pharyngitis","Israel","secondary","inc","Indication during prior 30 days"
"58","BZMC","amoxicillin",2020,2024,2023,17.2666666666667,11.8,0.683397683397683,"Infection","Israel","secondary","inc","Indication during prior 30 days"
"59","BZMC","amoxicillin",2020,2024,2023,1.13333333333333,0,0,"Orthopaedic_surgery","Israel","secondary","inc","Indication during prior 30 days"
"60","BZMC","amoxicillin",2021,2024,2023,7.15,5.6,0.783216783216783,"Otitis_media","Israel","secondary","inc","Indication during prior 30 days"
"61","BZMC","amoxicillin",2021,2024,2023,1.35,3.1,2.2962962962963,"Pneumonia","Israel","secondary","inc","Indication during prior 30 days"
"62","BZMC","amoxicillin",2020,2023,2023,1.53333333333333,2,1.30434782608696,"Otitis_media","Israel","secondary","inc","Indication on index date"
"63","BZMC","amoxicillin",2021,2023,2023,1.35,0.9,0.666666666666667,"Tonsillitis_pharyngitis","Israel","secondary","inc","Indication on index date"
"64","CHCZ","amoxicillin",2014,2023,2023,18.75,7.8,0.416,"Covid_19","Serbia","secondary","inc","Indication any time prior"
"65","CHCZ","amoxicillin",2014,2023,2023,19.6,28.3,1.44387755102041,"Tonsillitis_pharyngitis","Serbia","secondary","inc","Indication any time prior"
"66","CHCZ","amoxicillin",2014,2023,2023,20.35,26.5,1.3022113022113,"Tonsillitis_pharyngitis","Serbia","secondary","inc","Indication during prior 30 days"
"67","CHCZ","amoxicillin",2015,2023,2023,17.4333333333333,10,0.573613766730402,"Pneumonia","Serbia","secondary","inc","Indication during prior 30 days"
"68","CHCZ","amoxicillin",2015,2024,2023,10.65,16.3,1.53051643192488,"Infection","Serbia","secondary","inc","Indication on index date"
"69","GMC","amoxicillin",2014,2023,2023,3.1,4.1,1.32258064516129,"Otitis_media","Israel","secondary","inc","Indication any time prior"
"70","GMC","amoxicillin",2014,2024,2023,56.4333333333333,42.65,0.755759007678677,"Covid_19","Israel","secondary","inc","Indication any time prior"
"71","GMC","amoxicillin",2014,2023,2023,35.2666666666667,3.2,0.0907372400756144,"Covid_19","Israel","secondary","inc","Indication during prior 30 days"
"72","GMC","amoxicillin",2014,2024,2023,49.6666666666667,29.45,0.592953020134228,"Infection","Israel","secondary","inc","Indication during prior 30 days"
"73","GMC","amoxicillin",2014,2023,2023,18.9666666666667,1.8,0.0949033391915641,"Covid_19","Israel","secondary","inc","Indication on index date"
"74","GMC","amoxicillin",2016,2024,2023,24.0666666666667,15.85,0.658587257617729,"Infection","Israel","secondary","inc","Indication on index date"
"75","HULAFE","amoxicillin",2016,2023,2023,3.36666666666667,2.6,0.772277227722772,"Chronic_bronchitis","Spain","EHR P+S","inc","Indication any time prior"
"76","HULAFE","amoxicillin",2016,2023,2023,13.8333333333333,34.5,2.49397590361446,"Covid_19","Spain","EHR P+S","inc","Indication any time prior"
"77","HULAFE","amoxicillin",2016,2023,2023,27.6,33.5,1.21376811594203,"Otitis_media","Spain","EHR P+S","inc","Indication any time prior"
"78","HULAFE","amoxicillin",2016,2023,2023,1.9,0.6,0.315789473684211,"Covid_19","Spain","EHR P+S","inc","Indication during prior 30 days"
"79","HULAFE","amoxicillin",2016,2023,2023,2.23333333333333,1.4,0.626865671641791,"Cystitis_bacteriuria","Spain","EHR P+S","inc","Indication during prior 30 days"
"80","HULAFE","amoxicillin",2016,2023,2023,1.73333333333333,2.3,1.32692307692308,"Sinusitis","Spain","EHR P+S","inc","Indication during prior 30 days"
"81","HULAFE","amoxicillin",2016,2023,2023,17.6666666666667,22.8,1.29056603773585,"Tonsillitis_pharyngitis","Spain","EHR P+S","inc","Indication during prior 30 days"
"82","HULAFE","amoxicillin",2016,2023,2023,0.666666666666667,0.2,0.3,"Covid_19","Spain","EHR P+S","inc","Indication on index date"
"83","HULAFE","amoxicillin",2016,2023,2023,1,0.6,0.6,"Cystitis_bacteriuria","Spain","EHR P+S","inc","Indication on index date"
"84","HULAFE","amoxicillin",2016,2023,2023,18.8333333333333,22.6,1.2,"Infection","Spain","EHR P+S","inc","Indication on index date"
"85","HULAFE","amoxicillin",2016,2023,2023,1.36666666666667,1.8,1.31707317073171,"Sinusitis","Spain","EHR P+S","inc","Indication on index date"
"86","HULAFE","amoxicillin",2016,2023,2023,14.5,19.2,1.32413793103448,"Tonsillitis_pharyngitis","Spain","EHR P+S","inc","Indication on index date"
"87","HUS","amoxicillin",2010,2024,2023,7.4,11.15,1.50675675675676,"Covid_19","Finland","secondary","inc","Indication any time prior"
"88","HUS","amoxicillin",2011,2024,2023,1.86666666666667,1.4,0.75,"Lyme_disease","Finland","secondary","inc","Indication any time prior"
"89","HUS","amoxicillin",2010,2024,2023,4.4,3.35,0.761363636363636,"Covid_19","Finland","secondary","inc","Indication during prior 30 days"
"90","HUS","amoxicillin",2010,2024,2023,3.03333333333333,3.75,1.23626373626374,"Otitis_media","Finland","secondary","inc","Indication during prior 30 days"
"91","HUS","amoxicillin",2010,2024,2023,3.53333333333333,4.35,1.2311320754717,"Sinusitis","Finland","secondary","inc","Indication during prior 30 days"
"92","HUS","amoxicillin",2011,2024,2023,0.133333333333333,0.25,1.875,"Endocarditis","Finland","secondary","inc","Indication during prior 30 days"
"93","HUS","amoxicillin",2011,2024,2023,1.36666666666667,0.85,0.621951219512195,"Lyme_disease","Finland","secondary","inc","Indication during prior 30 days"
"94","HUS","amoxicillin",2010,2024,2023,1.3,0.8,0.615384615384615,"Covid_19","Finland","secondary","inc","Indication on index date"
"95","HUS","amoxicillin",2010,2024,2023,2.73333333333333,3.35,1.22560975609756,"Otitis_media","Finland","secondary","inc","Indication on index date"
"96","HUS","amoxicillin",2010,2024,2023,7.53333333333333,9.9,1.3141592920354,"Pneumonia","Finland","secondary","inc","Indication on index date"
"97","HUS","amoxicillin",2010,2024,2023,2.93333333333333,3.65,1.24431818181818,"Sinusitis","Finland","secondary","inc","Indication on index date"
"98","HUS","amoxicillin",2011,2024,2023,1.3,0.8,0.615384615384615,"Lyme_disease","Finland","secondary","inc","Indication on index date"
"99","HUS","amoxicillin",2012,2024,2023,0.2,0.3,1.5,"Cystitis_bacteriuria","Finland","secondary","inc","Indication on index date"
"100","IMASIS","amoxicillin",2010,2023,2023,23.5333333333333,30.6,1.30028328611898,"Covid_19","Spain","secondary","inc","Indication any time prior"
"101","IMASIS","amoxicillin",2010,2023,2023,0.766666666666667,0.6,0.782608695652174,"Endocarditis","Spain","secondary","inc","Indication any time prior"
"102","IMASIS","amoxicillin",2010,2023,2023,1.3,2.1,1.61538461538462,"Sinusitis","Spain","secondary","inc","Indication any time prior"
"103","IMASIS","amoxicillin",2010,2023,2023,10.8,3.7,0.342592592592593,"Covid_19","Spain","secondary","inc","Indication during prior 30 days"
"104","IMASIS","amoxicillin",2010,2023,2023,6.83333333333333,4.4,0.64390243902439,"Otitis_media","Spain","secondary","inc","Indication during prior 30 days"
"105","IMASIS","amoxicillin",2010,2023,2023,12.8,15.8,1.234375,"Pneumonia","Spain","secondary","inc","Indication during prior 30 days"
"106","IMASIS","amoxicillin",2011,2023,2023,0.4,1,2.5,"Sinusitis","Spain","secondary","inc","Indication during prior 30 days"
"107","IMASIS","amoxicillin",2010,2023,2023,0.633333333333333,0.5,0.789473684210526,"Covid_19","Spain","secondary","inc","Indication on index date"
"108","IMASIS","amoxicillin",2010,2023,2023,5.06666666666667,6.4,1.26315789473684,"Infection","Spain","secondary","inc","Indication on index date"
"109","IMASIS","amoxicillin",2012,2023,2023,0.5,0.7,1.4,"Pneumonia","Spain","secondary","inc","Indication on index date"
"110","INT","amoxicillin",2012,2023,2023,0.5,1.3,2.6,"Chronic_bronchitis","Italy","secondary","inc","Indication any time prior"
"111","INT","amoxicillin",2017,2023,2023,0.666666666666667,1.4,2.1,"Pneumonia","Italy","secondary","inc","Indication any time prior"
"112","INT","amoxicillin",2010,2024,2023,1.35,1.9,1.40740740740741,"Covid_19","Italy","secondary","inc","Indication any time prior"
"113","INT","amoxicillin",2010,2024,2023,3.93333333333333,6.35,1.61440677966102,"Infection","Italy","secondary","inc","Indication any time prior"
"114","INT","amoxicillin",2010,2024,2023,1.76666666666667,3.15,1.78301886792453,"Infection","Italy","secondary","inc","Indication during prior 30 days"
"115","INT","amoxicillin",2014,2023,2023,0.5,0.7,1.4,"Infection","Italy","secondary","inc","Indication on index date"
"116","IPCI","amoxicillin",2010,2023,2023,15.5333333333333,32.7,2.10515021459227,"Covid_19","Netherlands","primary","inc","Indication any time prior"
"117","IPCI","amoxicillin",2010,2023,2023,4.36666666666667,0.9,0.206106870229008,"Covid_19","Netherlands","primary","inc","Indication during prior 30 days"
"118","IPCI","amoxicillin",2010,2023,2023,6.86666666666667,9.4,1.36893203883495,"Pneumonia","Netherlands","primary","inc","Indication during prior 30 days"
"119","IPCI","amoxicillin",2010,2023,2023,0.2,0.1,0.5,"Chronic_bronchitis","Netherlands","primary","inc","Indication on index date"
"120","IPCI","amoxicillin",2010,2023,2023,2.1,0.5,0.238095238095238,"Covid_19","Netherlands","primary","inc","Indication on index date"
"121","IPCI","amoxicillin",2010,2023,2023,6.3,8.8,1.3968253968254,"Pneumonia","Netherlands","primary","inc","Indication on index date"
"122","InGef RDB","amoxicillin",2013,2023,2023,1.33333333333333,1.7,1.275,"Otitis_media","Germany","claims P+S","inc","Indication any time prior"
"123","InGef RDB","amoxicillin",2013,2023,2023,0.0333333333333333,0,0,"Urethritis","Germany","claims P+S","inc","Indication any time prior"
"124","InGef RDB","amoxicillin",2014,2023,2023,1.2,2.5,2.08333333333333,"Covid_19","Germany","claims P+S","inc","Indication any time prior"
"125","InGef RDB","amoxicillin",2013,2023,2023,0.1,0,0,"Cystitis_bacteriuria","Germany","claims P+S","inc","Indication during prior 30 days"
"126","InGef RDB","amoxicillin",2013,2023,2023,0.266666666666667,0.1,0.375,"Helicobacter_pylori","Germany","claims P+S","inc","Indication during prior 30 days"
"127","InGef RDB","amoxicillin",2013,2023,2023,0.0333333333333333,0,0,"Covid_19","Germany","claims P+S","inc","Indication on index date"
"128","InGef RDB","amoxicillin",2013,2023,2023,0.0666666666666667,0,0,"Helicobacter_pylori","Germany","claims P+S","inc","Indication on index date"
"129","InGef RDB","amoxicillin",2013,2023,2023,0.0333333333333333,0.1,3,"Otitis_media","Germany","claims P+S","inc","Indication on index date"
"130","InGef RDB","amoxicillin",2013,2023,2023,0,0.1,Inf,"Tonsillitis_pharyngitis","Germany","claims P+S","inc","Indication on index date"
"131","OLVA MS","amoxicillin",2015,2023,2023,3.3,2.1,0.636363636363636,"Cystitis_bacteriuria","Belgium","secondary","inc","Indication any time prior"
"132","OLVA MS","amoxicillin",2015,2023,2023,7.5,3.6,0.48,"Pyelonephritis","Belgium","secondary","inc","Indication any time prior"
"133","OLVA MS","amoxicillin",2015,2024,2023,11.2333333333333,6.25,0.556379821958457,"Covid_19","Belgium","secondary","inc","Indication any time prior"
"134","OLVA MS","amoxicillin",2015,2024,2023,18.4,7.75,0.421195652173913,"Otitis_media","Belgium","secondary","inc","Indication any time prior"
"135","OLVA MS","amoxicillin",2015,2024,2023,8.36666666666667,3.55,0.424302788844621,"Tonsillitis_pharyngitis","Belgium","secondary","inc","Indication any time prior"
"136","OLVA MS","amoxicillin",2016,2024,2023,75.0666666666667,34,0.452930728241563,"Infection","Belgium","secondary","inc","Indication any time prior"
"137","OLVA MS","amoxicillin",2016,2024,2023,26.9,9.45,0.351301115241636,"Pneumonia","Belgium","secondary","inc","Indication any time prior"
"138","OLVA MS","amoxicillin",2015,2024,2023,7.4,0,0,"Covid_19","Belgium","secondary","inc","Indication during prior 30 days"
"139","OLVA MS","amoxicillin",2015,2024,2023,2.2,0,0,"Cystitis_bacteriuria","Belgium","secondary","inc","Indication during prior 30 days"
"140","OLVA MS","amoxicillin",2015,2024,2023,13.7,0,0,"Otitis_media","Belgium","secondary","inc","Indication during prior 30 days"
"141","OLVA MS","amoxicillin",2015,2024,2023,4.9,0,0,"Pyelonephritis","Belgium","secondary","inc","Indication during prior 30 days"
"142","OLVA MS","amoxicillin",2015,2024,2023,6.36666666666667,0,0,"Tonsillitis_pharyngitis","Belgium","secondary","inc","Indication during prior 30 days"
"143","OLVA MS","amoxicillin",2016,2024,2023,61.0333333333333,0,0,"Infection","Belgium","secondary","inc","Indication during prior 30 days"
"144","OLVA MS","amoxicillin",2016,2024,2023,19.6,0,0,"Pneumonia","Belgium","secondary","inc","Indication during prior 30 days"
"145","OLVA MS","amoxicillin",2017,2024,2023,2.2,0,0,"Endocarditis","Belgium","secondary","inc","Indication during prior 30 days"
"146","OLVA MS","amoxicillin",2015,2024,2023,3,0,0,"Covid_19","Belgium","secondary","inc","Indication on index date"
"147","OLVA MS","amoxicillin",2015,2024,2023,22.7666666666667,0,0,"Infection","Belgium","secondary","inc","Indication on index date"
"148","OLVA MS","amoxicillin",2015,2024,2023,7.2,0,0,"Otitis_media","Belgium","secondary","inc","Indication on index date"
"149","OLVA MS","amoxicillin",2015,2024,2023,8.46666666666667,0,0,"Pneumonia","Belgium","secondary","inc","Indication on index date"
"150","OLVA MS","amoxicillin",2015,2024,2023,3.45,0,0,"Tonsillitis_pharyngitis","Belgium","secondary","inc","Indication on index date"
"151","OPCRD","amoxicillin",2010,2024,2023,7.3,21.75,2.97945205479452,"Covid_19","UK","primary","inc","Indication any time prior"
"152","OPCRD","amoxicillin",2010,2024,2023,3.93333333333333,5.5,1.39830508474576,"Cystitis_bacteriuria","UK","primary","inc","Indication any time prior"
"153","OPCRD","amoxicillin",2010,2024,2023,0.0666666666666667,0.1,1.5,"Endocarditis","UK","primary","inc","Indication any time prior"
"154","OPCRD","amoxicillin",2010,2024,2023,1,1.65,1.65,"Helicobacter_pylori","UK","primary","inc","Indication any time prior"
"155","OPCRD","amoxicillin",2010,2024,2023,63.9666666666667,82.95,1.29676915059927,"Infection","UK","primary","inc","Indication any time prior"
"156","OPCRD","amoxicillin",2010,2024,2023,0.1,0.3,3,"Lyme_disease","UK","primary","inc","Indication any time prior"
"157","OPCRD","amoxicillin",2010,2024,2023,2.83333333333333,5.85,2.06470588235294,"Orthopaedic_surgery","UK","primary","inc","Indication any time prior"
"158","OPCRD","amoxicillin",2010,2024,2023,15.8666666666667,22.35,1.40861344537815,"Otitis_media","UK","primary","inc","Indication any time prior"
"159","OPCRD","amoxicillin",2010,2024,2023,3.9,5.65,1.44871794871795,"Pneumonia","UK","primary","inc","Indication any time prior"
"160","OPCRD","amoxicillin",2010,2024,2023,1.16666666666667,1.85,1.58571428571429,"Pyelonephritis","UK","primary","inc","Indication any time prior"
"161","OPCRD","amoxicillin",2010,2024,2023,10.1,15.85,1.56930693069307,"Sinusitis","UK","primary","inc","Indication any time prior"
"162","OPCRD","amoxicillin",2010,2024,2023,22.5666666666667,29.9,1.32496307237814,"Tonsillitis_pharyngitis","UK","primary","inc","Indication any time prior"
"163","OPCRD","amoxicillin",2010,2024,2023,0.0333333333333333,0,0,"Urethritis","UK","primary","inc","Indication any time prior"
"164","OPCRD","amoxicillin",2010,2024,2023,1.8,1,0.555555555555556,"Covid_19","UK","primary","inc","Indication during prior 30 days"
"165","OPCRD","amoxicillin",2010,2024,2023,0.3,0.45,1.5,"Helicobacter_pylori","UK","primary","inc","Indication during prior 30 days"
"166","OPCRD","amoxicillin",2010,2024,2023,17.7,28.3,1.59887005649718,"Infection","UK","primary","inc","Indication during prior 30 days"
"167","OPCRD","amoxicillin",2010,2024,2023,4.26666666666667,6.3,1.4765625,"Otitis_media","UK","primary","inc","Indication during prior 30 days"
"168","OPCRD","amoxicillin",2010,2024,2023,0.2,0.35,1.75,"Pneumonia","UK","primary","inc","Indication during prior 30 days"
"169","OPCRD","amoxicillin",2010,2024,2023,1.2,1.5,1.25,"Sinusitis","UK","primary","inc","Indication during prior 30 days"
"170","OPCRD","amoxicillin",2010,2024,2023,0.8,0.5,0.625,"Covid_19","UK","primary","inc","Indication on index date"
"171","OPCRD","amoxicillin",2010,2024,2023,0.2,0.35,1.75,"Helicobacter_pylori","UK","primary","inc","Indication on index date"
"172","OPCRD","amoxicillin",2010,2024,2023,14.3666666666667,24.3,1.69141531322506,"Infection","UK","primary","inc","Indication on index date"
"173","OPCRD","amoxicillin",2010,2024,2023,4.1,6.1,1.48780487804878,"Otitis_media","UK","primary","inc","Indication on index date"
"174","OPCRD","amoxicillin",2010,2024,2023,0.0666666666666667,0.2,3,"Pneumonia","UK","primary","inc","Indication on index date"
"175","OPCRD","amoxicillin",2010,2024,2023,1.1,1.35,1.22727272727273,"Sinusitis","UK","primary","inc","Indication on index date"
"176","P+","amoxicillin",2015,2023,2023,6.83333333333333,13.6,1.99024390243902,"Covid_19","USA","claims P+S","inc","Indication any time prior"
"177","P+","amoxicillin",2016,2023,2023,0.533333333333333,0.7,1.3125,"Pyelonephritis","USA","claims P+S","inc","Indication any time prior"
"178","P+","amoxicillin",2015,2023,2023,19.4,26.5,1.3659793814433,"Infection","USA","claims P+S","inc","Indication during prior 30 days"
"179","P+","amoxicillin",2015,2023,2023,0.65,0.5,0.769230769230769,"Pneumonia","USA","claims P+S","inc","Indication during prior 30 days"
"180","P+","amoxicillin",2015,2023,2023,10.1333333333333,15,1.48026315789474,"Tonsillitis_pharyngitis","USA","claims P+S","inc","Indication during prior 30 days"
"181","P+","amoxicillin",2015,2023,2023,13.2666666666667,20.3,1.53015075376884,"Infection","USA","claims P+S","inc","Indication on index date"
"182","P+","amoxicillin",2015,2023,2023,7,5.6,0.8,"Sinusitis","USA","claims P+S","inc","Indication on index date"
"183","P+","amoxicillin",2015,2023,2023,7.86666666666667,12.2,1.55084745762712,"Tonsillitis_pharyngitis","USA","claims P+S","inc","Indication on index date"
"184","PRISIB","amoxicillin",2011,2023,2023,13.2666666666667,30.9,2.32914572864322,"Covid_19","Spain","EHR P+S","inc","Indication any time prior"
"185","PRISIB","amoxicillin",2011,2023,2023,5.26666666666667,6.5,1.23417721518987,"Pneumonia","Spain","EHR P+S","inc","Indication any time prior"
"186","PRISIB","amoxicillin",2011,2023,2023,1.2,0.2,0.166666666666667,"Covid_19","Spain","EHR P+S","inc","Indication during prior 30 days"
"187","PRISIB","amoxicillin",2011,2023,2023,0.733333333333333,1.3,1.77272727272727,"Pneumonia","Spain","EHR P+S","inc","Indication during prior 30 days"
"188","PRISIB","amoxicillin",2011,2023,2023,1.23333333333333,1.7,1.37837837837838,"Sinusitis","Spain","EHR P+S","inc","Indication during prior 30 days"
"189","PRISIB","amoxicillin",2011,2023,2023,0,0.1,Inf,"Chronic_bronchitis","Spain","EHR P+S","inc","Indication on index date"
"190","PRISIB","amoxicillin",2011,2023,2023,0.2,0.1,0.5,"Covid_19","Spain","EHR P+S","inc","Indication on index date"
"191","PRISIB","amoxicillin",2011,2023,2023,0.2,0.1,0.5,"Cystitis_bacteriuria","Spain","EHR P+S","inc","Indication on index date"
"192","PRISIB","amoxicillin",2011,2023,2023,0.433333333333333,0.8,1.84615384615385,"Pneumonia","Spain","EHR P+S","inc","Indication on index date"
"193","PRISIB","amoxicillin",2011,2023,2023,0.866666666666667,1.1,1.26923076923077,"Sinusitis","Spain","EHR P+S","inc","Indication on index date"
"194","PSSJD","amoxicillin",2017,2023,2023,4.2,2.4,0.571428571428571,"Covid_19","Spain","secondary","inc","Indication any time prior"
"195","PSSJD","amoxicillin",2017,2023,2023,29.8,22.6,0.758389261744966,"Infection","Spain","secondary","inc","Indication during prior 30 days"
"196","PSSJD","amoxicillin",2017,2023,2023,25.4,19.5,0.767716535433071,"Infection","Spain","secondary","inc","Indication on index date"
"197","SCIFI-PEARL","amoxicillin",2018,2023,2023,0.733333333333333,0.9,1.22727272727273,"Chronic_bronchitis","Sweden","EHR P+S","inc","Indication any time prior"
"198","SCIFI-PEARL","amoxicillin",2018,2023,2023,11.0666666666667,22.4,2.02409638554217,"Covid_19","Sweden","EHR P+S","inc","Indication any time prior"
"199","SCIFI-PEARL","amoxicillin",2018,2023,2023,1.8,2.2,1.22222222222222,"Orthopaedic_surgery","Sweden","EHR P+S","inc","Indication any time prior"
"200","SCIFI-PEARL","amoxicillin",2018,2023,2023,11.3666666666667,15.7,1.38123167155425,"Otitis_media","Sweden","EHR P+S","inc","Indication any time prior"
"201","SCIFI-PEARL","amoxicillin",2018,2023,2023,0.4,0.5,1.25,"Urethritis","Sweden","EHR P+S","inc","Indication any time prior"
"202","SCIFI-PEARL","amoxicillin",2018,2023,2023,1.93333333333333,1.1,0.568965517241379,"Covid_19","Sweden","EHR P+S","inc","Indication during prior 30 days"
"203","SCIFI-PEARL","amoxicillin",2018,2023,2023,5.66666666666667,7.9,1.39411764705882,"Otitis_media","Sweden","EHR P+S","inc","Indication during prior 30 days"
"204","SCIFI-PEARL","amoxicillin",2018,2023,2023,1.03333333333333,1.5,1.45161290322581,"Tonsillitis_pharyngitis","Sweden","EHR P+S","inc","Indication during prior 30 days"
"205","SCIFI-PEARL","amoxicillin",2018,2023,2023,0,0.1,Inf,"Chronic_bronchitis","Sweden","EHR P+S","inc","Indication on index date"
"206","SCIFI-PEARL","amoxicillin",2018,2023,2023,0.266666666666667,0.1,0.375,"Covid_19","Sweden","EHR P+S","inc","Indication on index date"
"207","SCIFI-PEARL","amoxicillin",2018,2023,2023,0.3,0.2,0.666666666666667,"Cystitis_bacteriuria","Sweden","EHR P+S","inc","Indication on index date"
"208","SCIFI-PEARL","amoxicillin",2018,2023,2023,3.93333333333333,5.2,1.32203389830508,"Otitis_media","Sweden","EHR P+S","inc","Indication on index date"
"209","SCIFI-PEARL","amoxicillin",2018,2023,2023,0.5,0.7,1.4,"Tonsillitis_pharyngitis","Sweden","EHR P+S","inc","Indication on index date"
"210","TAUH","amoxicillin",2010,2023,2023,9.86666666666667,19.3,1.95608108108108,"Covid_19","Finland","secondary","inc","Indication any time prior"
"211","TAUH","amoxicillin",2010,2023,2023,2.4,3.1,1.29166666666667,"Tonsillitis_pharyngitis","Finland","secondary","inc","Indication any time prior"
"212","TAUH","amoxicillin",2011,2023,2023,1.03333333333333,1.3,1.25806451612903,"Chronic_bronchitis","Finland","secondary","inc","Indication any time prior"
"213","TAUH","amoxicillin",2011,2023,2023,3.7,4.7,1.27027027027027,"Orthopaedic_surgery","Finland","secondary","inc","Indication any time prior"
"214","TAUH","amoxicillin",2010,2023,2023,7.23333333333333,10.2,1.41013824884793,"Covid_19","Finland","secondary","inc","Indication during prior 30 days"
"215","TAUH","amoxicillin",2010,2023,2023,0.6,0.4,0.666666666666667,"Orthopaedic_surgery","Finland","secondary","inc","Indication during prior 30 days"
"216","TAUH","amoxicillin",2010,2023,2023,1.16666666666667,1.5,1.28571428571429,"Sinusitis","Finland","secondary","inc","Indication during prior 30 days"
"217","TAUH","amoxicillin",2011,2023,2023,0.5,0.7,1.4,"Tonsillitis_pharyngitis","Finland","secondary","inc","Indication during prior 30 days"
"218","TAUH","amoxicillin",2010,2023,2023,2.03333333333333,2.9,1.42622950819672,"Covid_19","Finland","secondary","inc","Indication on index date"
"219","THIN Belgium","amoxicillin",2010,2023,2023,1.03333333333333,0.7,0.67741935483871,"Chronic_bronchitis","Belgium","claims P+S","inc","Indication any time prior"
"220","THIN Belgium","amoxicillin",2010,2023,2023,2.33333333333333,3.5,1.5,"Covid_19","Belgium","claims P+S","inc","Indication any time prior"
"221","THIN Belgium","amoxicillin",2010,2023,2023,6.63333333333333,9,1.35678391959799,"Pneumonia","Belgium","claims P+S","inc","Indication any time prior"
"222","THIN Belgium","amoxicillin",2010,2023,2023,1.83333333333333,1.3,0.709090909090909,"Cystitis_bacteriuria","Belgium","claims P+S","inc","Indication during prior 30 days"
"223","THIN Belgium","amoxicillin",2010,2023,2023,2.16666666666667,4.4,2.03076923076923,"Pneumonia","Belgium","claims P+S","inc","Indication during prior 30 days"
"224","THIN Belgium","amoxicillin",2010,2023,2023,1.46666666666667,1,0.681818181818182,"Cystitis_bacteriuria","Belgium","claims P+S","inc","Indication on index date"
"225","THIN Belgium","amoxicillin",2010,2023,2023,2.06666666666667,4.4,2.12903225806452,"Pneumonia","Belgium","claims P+S","inc","Indication on index date"
"226","THIN Italy","amoxicillin",2010,2023,2023,3,4.8,1.6,"Chronic_bronchitis","Italy","claims P+S","inc","Indication any time prior"
"227","THIN Italy","amoxicillin",2010,2023,2023,2.83333333333333,6.8,2.4,"Covid_19","Italy","claims P+S","inc","Indication any time prior"
"228","THIN Italy","amoxicillin",2010,2023,2023,5.1,9.5,1.86274509803922,"Cystitis_bacteriuria","Italy","claims P+S","inc","Indication any time prior"
"229","THIN Italy","amoxicillin",2010,2023,2023,16.0333333333333,24.3,1.51559251559252,"Infection","Italy","claims P+S","inc","Indication any time prior"
"230","THIN Italy","amoxicillin",2010,2023,2023,1.26666666666667,1.8,1.42105263157895,"Otitis_media","Italy","claims P+S","inc","Indication any time prior"
"231","THIN Italy","amoxicillin",2010,2023,2023,2.26666666666667,2.8,1.23529411764706,"Sinusitis","Italy","claims P+S","inc","Indication any time prior"
"232","THIN Italy","amoxicillin",2010,2023,2023,8.46666666666667,14.5,1.71259842519685,"Tonsillitis_pharyngitis","Italy","claims P+S","inc","Indication any time prior"
"233","THIN Italy","amoxicillin",2010,2023,2023,0.9,1.1,1.22222222222222,"Chronic_bronchitis","Italy","claims P+S","inc","Indication during prior 30 days"
"234","THIN Italy","amoxicillin",2010,2023,2023,0.833333333333333,1.2,1.44,"Cystitis_bacteriuria","Italy","claims P+S","inc","Indication during prior 30 days"
"235","THIN Italy","amoxicillin",2010,2023,2023,5,7.6,1.52,"Infection","Italy","claims P+S","inc","Indication during prior 30 days"
"236","THIN Italy","amoxicillin",2010,2023,2023,0.35,0.7,2,"Otitis_media","Italy","claims P+S","inc","Indication during prior 30 days"
"237","THIN Italy","amoxicillin",2010,2023,2023,0.533333333333333,1,1.875,"Sinusitis","Italy","claims P+S","inc","Indication during prior 30 days"
"238","THIN Italy","amoxicillin",2010,2023,2023,4.13333333333333,9.3,2.25,"Tonsillitis_pharyngitis","Italy","claims P+S","inc","Indication during prior 30 days"
"239","THIN Italy","amoxicillin",2010,2023,2023,0.533333333333333,0.8,1.5,"Chronic_bronchitis","Italy","claims P+S","inc","Indication on index date"
"240","THIN Italy","amoxicillin",2010,2023,2023,0.566666666666667,0.8,1.41176470588235,"Cystitis_bacteriuria","Italy","claims P+S","inc","Indication on index date"
"241","THIN Italy","amoxicillin",2010,2023,2023,4.4,6.9,1.56818181818182,"Infection","Italy","claims P+S","inc","Indication on index date"
"242","THIN Italy","amoxicillin",2010,2023,2023,0.3,0.7,2.33333333333333,"Otitis_media","Italy","claims P+S","inc","Indication on index date"
"243","THIN Italy","amoxicillin",2010,2023,2023,0.5,0.8,1.6,"Sinusitis","Italy","claims P+S","inc","Indication on index date"
"244","THIN Italy","amoxicillin",2010,2023,2023,4.03333333333333,9.1,2.25619834710744,"Tonsillitis_pharyngitis","Italy","claims P+S","inc","Indication on index date"
"245","THIN Romania","amoxicillin",2010,2023,2023,3.03333333333333,6.7,2.20879120879121,"Covid_19","Romania","claims P+S","inc","Indication any time prior"
"246","THIN Romania","amoxicillin",2010,2023,2023,0.0666666666666667,0,0,"Endocarditis","Romania","claims P+S","inc","Indication any time prior"
"247","THIN Romania","amoxicillin",2011,2023,2023,6.56666666666667,4.4,0.67005076142132,"Chronic_bronchitis","Romania","claims P+S","inc","Indication any time prior"
"248","THIN Romania","amoxicillin",2010,2023,2023,2.4,1,0.416666666666667,"Chronic_bronchitis","Romania","claims P+S","inc","Indication during prior 30 days"
"249","THIN Romania","amoxicillin",2012,2023,2023,2.06666666666667,1.5,0.725806451612903,"Cystitis_bacteriuria","Romania","claims P+S","inc","Indication during prior 30 days"
"250","THIN Romania","amoxicillin",2010,2023,2023,2.16666666666667,0.9,0.415384615384615,"Chronic_bronchitis","Romania","claims P+S","inc","Indication on index date"
"251","THIN Romania","amoxicillin",2010,2023,2023,36.8666666666667,44.3,1.20162748643761,"Infection","Romania","claims P+S","inc","Indication on index date"
"252","THIN Romania","amoxicillin",2012,2023,2023,1.76666666666667,1.3,0.735849056603774,"Cystitis_bacteriuria","Romania","claims P+S","inc","Indication on index date"
"253","ULSGE","amoxicillin",2010,2023,2023,1.9,2.4,1.26315789473684,"Chronic_bronchitis","Portugal","secondary","inc","Indication any time prior"
"254","ULSGE","amoxicillin",2010,2023,2023,1.55,3,1.93548387096774,"Covid_19","Portugal","secondary","inc","Indication any time prior"
"255","ULSGE","amoxicillin",2010,2023,2023,4.63333333333333,3.6,0.776978417266187,"Cystitis_bacteriuria","Portugal","secondary","inc","Indication any time prior"
"256","ULSGE","amoxicillin",2010,2023,2023,13.2333333333333,19.9,1.50377833753149,"Pneumonia","Portugal","secondary","inc","Indication any time prior"
"257","ULSGE","amoxicillin",2013,2023,2023,1.7,2.4,1.41176470588235,"Sinusitis","Portugal","secondary","inc","Indication any time prior"
"258","ULSGE","amoxicillin",2010,2023,2023,26.3,17.1,0.650190114068441,"Otitis_media","Portugal","secondary","inc","Indication during prior 30 days"
"259","ULSGE","amoxicillin",2010,2023,2023,5.06666666666667,9.7,1.91447368421053,"Pneumonia","Portugal","secondary","inc","Indication during prior 30 days"
"260","ULSGE","amoxicillin",2011,2023,2023,6.06666666666667,7.4,1.21978021978022,"Tonsillitis_pharyngitis","Portugal","secondary","inc","Indication during prior 30 days"
"261","ULSGE","amoxicillin",2010,2023,2023,25.2333333333333,16.7,0.661822985468956,"Otitis_media","Portugal","secondary","inc","Indication on index date"
"262","ULSGE","amoxicillin",2010,2023,2023,4.3,8,1.86046511627907,"Pneumonia","Portugal","secondary","inc","Indication on index date"
"263","ULSGE","amoxicillin",2013,2023,2023,5.06666666666667,6.4,1.26315789473684,"Tonsillitis_pharyngitis","Portugal","secondary","inc","Indication on index date"
"264","ULSRA","amoxicillin",2010,2023,2023,5.25,8.5,1.61904761904762,"Covid_19","Portugal","secondary","inc","Indication any time prior"
"265","ULSRA","amoxicillin",2010,2023,2023,27.6333333333333,41.3,1.49457177322075,"Tonsillitis_pharyngitis","Portugal","secondary","inc","Indication any time prior"
"266","ULSRA","amoxicillin",2011,2023,2023,13.0333333333333,25.6,1.96419437340153,"Tonsillitis_pharyngitis","Portugal","secondary","inc","Indication during prior 30 days"
"267","ULSRA","amoxicillin",2010,2023,2023,26.3666666666667,32.6,1.23640960809102,"Infection","Portugal","secondary","inc","Indication on index date"
"268","ULSRA","amoxicillin",2011,2023,2023,11.5333333333333,24.2,2.09826589595376,"Tonsillitis_pharyngitis","Portugal","secondary","inc","Indication on index date"
"269","UM DRESDEN","amoxicillin",2018,2023,2023,12.2333333333333,4.9,0.400544959128065,"Covid_19","Germany","secondary","inc","Indication any time prior"
"270","UM DRESDEN","amoxicillin",2018,2023,2023,10.4,5.3,0.509615384615385,"Pneumonia","Germany","secondary","inc","Indication any time prior"
"271","UM DRESDEN","amoxicillin",2021,2023,2023,2.8,4,1.42857142857143,"Orthopaedic_surgery","Germany","secondary","inc","Indication any time prior"
"272","UM DRESDEN","amoxicillin",2018,2023,2023,6.35,0,0,"Covid_19","Germany","secondary","inc","Indication during prior 30 days"
"273","UM DRESDEN","amoxicillin",2018,2023,2023,7.86666666666667,11.7,1.48728813559322,"Infection","Germany","secondary","inc","Indication on index date"
"274","UZA","amoxicillin",2021,2023,2023,3.8,3,0.789473684210526,"Covid_19","Belgium","secondary","inc","Indication any time prior"
"275","UZA","amoxicillin",2021,2023,2023,2.8,1.7,0.607142857142857,"Cystitis_bacteriuria","Belgium","secondary","inc","Indication any time prior"
"276","UZA","amoxicillin",2021,2023,2023,43.9,31.8,0.724373576309795,"Infection","Belgium","secondary","inc","Indication any time prior"
"277","UZA","amoxicillin",2021,2023,2023,1.95,2.5,1.28205128205128,"Orthopaedic_surgery","Belgium","secondary","inc","Indication any time prior"
"278","UZA","amoxicillin",2021,2023,2023,21.55,15.2,0.705336426914153,"Pneumonia","Belgium","secondary","inc","Indication any time prior"
"279","UZA","amoxicillin",2021,2023,2023,1.6,0,0,"Covid_19","Belgium","secondary","inc","Indication during prior 30 days"
"280","UZA","amoxicillin",2021,2023,2023,0.85,0,0,"Cystitis_bacteriuria","Belgium","secondary","inc","Indication during prior 30 days"
"281","UZA","amoxicillin",2021,2023,2023,43.7,0,0,"Infection","Belgium","secondary","inc","Indication during prior 30 days"
"282","UZA","amoxicillin",2021,2023,2023,10,0,0,"Pneumonia","Belgium","secondary","inc","Indication during prior 30 days"
"283","UZA","amoxicillin",2021,2023,2023,1.05,0,0,"Pyelonephritis","Belgium","secondary","inc","Indication during prior 30 days"
"284","UZA","amoxicillin",2021,2023,2023,7.05,0,0,"Infection","Belgium","secondary","inc","Indication on index date"
"285","UZA","amoxicillin",2021,2023,2023,3.75,0,0,"Pneumonia","Belgium","secondary","inc","Indication on index date"
"286","UZA","amoxicillin",2021,2023,2023,0.65,0,0,"Pyelonephritis","Belgium","secondary","inc","Indication on index date"
"287","AP-HM","amoxicillin",2014,2024,2023,8.06666666666667,5.35,0.663223140495868,"Covid_19","France","secondary","prev","Indication any time prior"
"288","AP-HM","amoxicillin",2014,2024,2023,6.53333333333333,3.15,0.482142857142857,"Cystitis_bacteriuria","France","secondary","prev","Indication any time prior"
"289","AP-HM","amoxicillin",2014,2024,2023,3.76666666666667,2,0.530973451327434,"Endocarditis","France","secondary","prev","Indication any time prior"
"290","AP-HM","amoxicillin",2014,2024,2023,58.3333333333333,34.6,0.593142857142857,"Infection","France","secondary","prev","Indication any time prior"
"291","AP-HM","amoxicillin",2014,2024,2023,19.0666666666667,14.1,0.739510489510489,"Pneumonia","France","secondary","prev","Indication any time prior"
"292","AP-HM","amoxicillin",2014,2024,2023,2,1.2,0.6,"Pyelonephritis","France","secondary","prev","Indication any time prior"
"293","AP-HM","amoxicillin",2015,2024,2023,0.9,0.65,0.722222222222222,"Tonsillitis_pharyngitis","France","secondary","prev","Indication any time prior"
"294","AP-HM","amoxicillin",2014,2023,2023,5.1,1.6,0.313725490196078,"Covid_19","France","secondary","prev","Indication during prior 30 days"
"295","AP-HM","amoxicillin",2014,2023,2023,0.966666666666667,0.6,0.620689655172414,"Pyelonephritis","France","secondary","prev","Indication during prior 30 days"
"296","AP-HM","amoxicillin",2015,2023,2023,0.733333333333333,0.3,0.409090909090909,"Tonsillitis_pharyngitis","France","secondary","prev","Indication during prior 30 days"
"297","AP-HM","amoxicillin",2014,2024,2023,4,1.65,0.4125,"Cystitis_bacteriuria","France","secondary","prev","Indication during prior 30 days"
"298","AP-HM","amoxicillin",2014,2024,2023,3.3,1.5,0.454545454545455,"Endocarditis","France","secondary","prev","Indication during prior 30 days"
"299","AP-HM","amoxicillin",2014,2024,2023,48.9,20.45,0.418200408997955,"Infection","France","secondary","prev","Indication during prior 30 days"
"300","AP-HM","amoxicillin",2014,2024,2023,1.73333333333333,1.3,0.75,"Otitis_media","France","secondary","prev","Indication during prior 30 days"
"301","AP-HM","amoxicillin",2014,2024,2023,13.2666666666667,7.05,0.53140703517588,"Pneumonia","France","secondary","prev","Indication during prior 30 days"
"302","AP-HM","amoxicillin",2014,2023,2023,1.6,0.8,0.5,"Endocarditis","France","secondary","prev","Indication on index date"
"303","AP-HM","amoxicillin",2014,2023,2023,0.633333333333333,0.4,0.631578947368421,"Otitis_media","France","secondary","prev","Indication on index date"
"304","AP-HM","amoxicillin",2014,2024,2023,10.9,4.1,0.376146788990826,"Infection","France","secondary","prev","Indication on index date"
"305","AP-HM","amoxicillin",2014,2024,2023,3.7,1.55,0.418918918918919,"Pneumonia","France","secondary","prev","Indication on index date"
"306","AP-HM","amoxicillin",2018,2024,2023,0.4,0,0,"Tonsillitis_pharyngitis","France","secondary","prev","Indication on index date"
"307","ATENEA","amoxicillin",2014,2024,2023,2.33333333333333,5.55,2.37857142857143,"Covid_19","Spain","secondary","prev","Indication any time prior"
"308","ATENEA","amoxicillin",2014,2024,2023,38.3333333333333,47.2,1.23130434782609,"Infection","Spain","secondary","prev","Indication any time prior"
"309","ATENEA","amoxicillin",2014,2024,2023,10.0333333333333,15.65,1.55980066445183,"Pneumonia","Spain","secondary","prev","Indication any time prior"
"310","ATENEA","amoxicillin",2014,2024,2023,1.1,1.4,1.27272727272727,"Pyelonephritis","Spain","secondary","prev","Indication any time prior"
"311","ATENEA","amoxicillin",2014,2024,2023,0.5,0.75,1.5,"Sinusitis","Spain","secondary","prev","Indication any time prior"
"312","ATENEA","amoxicillin",2015,2024,2023,0.333333333333333,0.15,0.45,"Urethritis","Spain","secondary","prev","Indication any time prior"
"313","ATENEA","amoxicillin",2014,2023,2023,0.266666666666667,0.4,1.5,"Chronic_bronchitis","Spain","secondary","prev","Indication during prior 30 days"
"314","ATENEA","amoxicillin",2014,2023,2023,1.23333333333333,0.6,0.486486486486486,"Covid_19","Spain","secondary","prev","Indication during prior 30 days"
"315","ATENEA","amoxicillin",2014,2023,2023,0.5,1.1,2.2,"Orthopaedic_surgery","Spain","secondary","prev","Indication during prior 30 days"
"316","ATENEA","amoxicillin",2014,2023,2023,0.6,0.3,0.5,"Tonsillitis_pharyngitis","Spain","secondary","prev","Indication during prior 30 days"
"317","ATENEA","amoxicillin",2014,2024,2023,3.93333333333333,6.2,1.57627118644068,"Pneumonia","Spain","secondary","prev","Indication during prior 30 days"
"318","ATENEA","amoxicillin",2014,2023,2023,0.65,0.2,0.307692307692308,"Covid_19","Spain","secondary","prev","Indication on index date"
"319","ATENEA","amoxicillin",2014,2023,2023,0.4,0.2,0.5,"Tonsillitis_pharyngitis","Spain","secondary","prev","Indication on index date"
"320","ATENEA","amoxicillin",2014,2024,2023,0.4,0.15,0.375,"Cystitis","Spain","secondary","prev","Indication on index date"
"321","ATENEA","amoxicillin",2014,2024,2023,1.56666666666667,1.95,1.24468085106383,"Pneumonia","Spain","secondary","prev","Indication on index date"
"322","BZMC","amoxicillin",2021,2023,2023,1.4,0.8,0.571428571428572,"Chronic_bronchitis","Israel","secondary","prev","Indication any time prior"
"323","BZMC","amoxicillin",2021,2023,2023,3.4,1.1,0.323529411764706,"Orthopaedic_surgery","Israel","secondary","prev","Indication any time prior"
"324","BZMC","amoxicillin",2020,2024,2023,12.7666666666667,7.45,0.58355091383812,"Covid_19","Israel","secondary","prev","Indication any time prior"
"325","BZMC","amoxicillin",2020,2024,2023,37.7333333333333,29.55,0.783127208480565,"Infection","Israel","secondary","prev","Indication any time prior"
"326","BZMC","amoxicillin",2021,2023,2023,7.75,1.9,0.245161290322581,"Covid_19","Israel","secondary","prev","Indication during prior 30 days"
"327","BZMC","amoxicillin",2021,2023,2023,1.75,1.1,0.628571428571429,"Tonsillitis_pharyngitis","Israel","secondary","prev","Indication during prior 30 days"
"328","BZMC","amoxicillin",2020,2024,2023,18.2333333333333,12.2,0.669104204753199,"Infection","Israel","secondary","prev","Indication during prior 30 days"
"329","BZMC","amoxicillin",2020,2024,2023,1.16666666666667,0,0,"Orthopaedic_surgery","Israel","secondary","prev","Indication during prior 30 days"
"330","BZMC","amoxicillin",2021,2024,2023,6.95,5.35,0.76978417266187,"Otitis_media","Israel","secondary","prev","Indication during prior 30 days"
"331","BZMC","amoxicillin",2021,2024,2023,1.6,3,1.875,"Pneumonia","Israel","secondary","prev","Indication during prior 30 days"
"332","BZMC","amoxicillin",2021,2024,2023,1.95,0,0,"Covid_19","Israel","secondary","prev","Indication on index date"
"333","CHCZ","amoxicillin",2014,2023,2023,21.8333333333333,7.8,0.357251908396947,"Covid_19","Serbia","secondary","prev","Indication any time prior"
"334","CHCZ","amoxicillin",2015,2023,2023,7.43333333333333,9.5,1.2780269058296,"Cystitis_bacteriuria","Serbia","secondary","prev","Indication any time prior"
"335","CHCZ","amoxicillin",2015,2023,2023,5.7,9.2,1.6140350877193,"Otitis_media","Serbia","secondary","prev","Indication any time prior"
"336","CHCZ","amoxicillin",2014,2024,2023,28.5333333333333,20.5,0.718457943925234,"Pneumonia","Serbia","secondary","prev","Indication any time prior"
"337","CHCZ","amoxicillin",2014,2023,2023,29.15,3.9,0.133790737564322,"Covid_19","Serbia","secondary","prev","Indication during prior 30 days"
"338","CHCZ","amoxicillin",2014,2024,2023,24.0333333333333,12.55,0.522191400832178,"Pneumonia","Serbia","secondary","prev","Indication during prior 30 days"
"339","CHCZ","amoxicillin",2014,2023,2023,0,3.3,Inf,"Otitis_media","Serbia","secondary","prev","Indication on index date"
"340","CHCZ","amoxicillin",2016,2023,2023,9.7,13.1,1.35051546391753,"Tonsillitis_pharyngitis","Serbia","secondary","prev","Indication on index date"
"341","CHCZ","amoxicillin",2020,2023,2023,0,4.6,Inf,"Cystitis_bacteriuria","Serbia","secondary","prev","Indication on index date"
"342","GMC","amoxicillin",2014,2023,2023,2.9,3.7,1.27586206896552,"Otitis_media","Israel","secondary","prev","Indication any time prior"
"343","GMC","amoxicillin",2014,2024,2023,58.2666666666667,38.05,0.653032036613272,"Covid_19","Israel","secondary","prev","Indication any time prior"
"344","GMC","amoxicillin",2014,2023,2023,41.8333333333333,4.6,0.10996015936255,"Covid_19","Israel","secondary","prev","Indication during prior 30 days"
"345","GMC","amoxicillin",2014,2024,2023,52.3333333333333,30.05,0.574203821656051,"Infection","Israel","secondary","prev","Indication during prior 30 days"
"346","GMC","amoxicillin",2014,2023,2023,15.8,1.6,0.10126582278481,"Covid_19","Israel","secondary","prev","Indication on index date"
"347","GMC","amoxicillin",2017,2024,2023,14.8,8.1,0.547297297297297,"Infection","Israel","secondary","prev","Indication on index date"
"348","HULAFE","amoxicillin",2016,2023,2023,3.26666666666667,2.5,0.76530612244898,"Chronic_bronchitis","Spain","EHR P+S","prev","Indication any time prior"
"349","HULAFE","amoxicillin",2016,2023,2023,13.4666666666667,33.3,2.47277227722772,"Covid_19","Spain","EHR P+S","prev","Indication any time prior"
"350","HULAFE","amoxicillin",2016,2023,2023,27,32.9,1.21851851851852,"Otitis_media","Spain","EHR P+S","prev","Indication any time prior"
"351","HULAFE","amoxicillin",2016,2023,2023,1.86666666666667,0.5,0.267857142857143,"Covid_19","Spain","EHR P+S","prev","Indication during prior 30 days"
"352","HULAFE","amoxicillin",2016,2023,2023,2.16666666666667,1.4,0.646153846153846,"Cystitis_bacteriuria","Spain","EHR P+S","prev","Indication during prior 30 days"
"353","HULAFE","amoxicillin",2016,2023,2023,1.73333333333333,2.3,1.32692307692308,"Sinusitis","Spain","EHR P+S","prev","Indication during prior 30 days"
"354","HULAFE","amoxicillin",2016,2023,2023,17.4333333333333,22.8,1.30783938814532,"Tonsillitis_pharyngitis","Spain","EHR P+S","prev","Indication during prior 30 days"
"355","HULAFE","amoxicillin",2016,2023,2023,0.666666666666667,0.2,0.3,"Covid_19","Spain","EHR P+S","prev","Indication on index date"
"356","HULAFE","amoxicillin",2016,2023,2023,1,0.6,0.6,"Cystitis_bacteriuria","Spain","EHR P+S","prev","Indication on index date"
"357","HULAFE","amoxicillin",2016,2023,2023,1.36666666666667,1.7,1.24390243902439,"Sinusitis","Spain","EHR P+S","prev","Indication on index date"
"358","HULAFE","amoxicillin",2016,2023,2023,14.2,18.4,1.29577464788732,"Tonsillitis_pharyngitis","Spain","EHR P+S","prev","Indication on index date"
"359","HUS","amoxicillin",2010,2024,2023,7.33333333333333,10.9,1.48636363636364,"Covid_19","Finland","secondary","prev","Indication any time prior"
"360","HUS","amoxicillin",2011,2024,2023,1.86666666666667,1.45,0.776785714285714,"Lyme_disease","Finland","secondary","prev","Indication any time prior"
"361","HUS","amoxicillin",2010,2024,2023,4.43333333333333,3.4,0.766917293233083,"Covid_19","Finland","secondary","prev","Indication during prior 30 days"
"362","HUS","amoxicillin",2010,2024,2023,3.1,3.9,1.25806451612903,"Otitis_media","Finland","secondary","prev","Indication during prior 30 days"
"363","HUS","amoxicillin",2010,2024,2023,3.46666666666667,4.35,1.25480769230769,"Sinusitis","Finland","secondary","prev","Indication during prior 30 days"
"364","HUS","amoxicillin",2011,2024,2023,0.133333333333333,0.25,1.875,"Endocarditis","Finland","secondary","prev","Indication during prior 30 days"
"365","HUS","amoxicillin",2011,2024,2023,1.4,0.9,0.642857142857143,"Lyme_disease","Finland","secondary","prev","Indication during prior 30 days"
"366","HUS","amoxicillin",2010,2024,2023,1.33333333333333,0.75,0.5625,"Covid_19","Finland","secondary","prev","Indication on index date"
"367","HUS","amoxicillin",2010,2024,2023,2.83333333333333,3.55,1.25294117647059,"Otitis_media","Finland","secondary","prev","Indication on index date"
"368","HUS","amoxicillin",2010,2024,2023,7.33333333333333,9.85,1.34318181818182,"Pneumonia","Finland","secondary","prev","Indication on index date"
"369","HUS","amoxicillin",2010,2024,2023,2.9,3.65,1.25862068965517,"Sinusitis","Finland","secondary","prev","Indication on index date"
"370","HUS","amoxicillin",2011,2024,2023,1.33333333333333,0.85,0.6375,"Lyme_disease","Finland","secondary","prev","Indication on index date"
"371","HUS","amoxicillin",2012,2024,2023,0.2,0.25,1.25,"Cystitis_bacteriuria","Finland","secondary","prev","Indication on index date"
"372","IMASIS","amoxicillin",2010,2023,2023,22.0333333333333,27.6,1.25264750378215,"Covid_19","Spain","secondary","prev","Indication any time prior"
"373","IMASIS","amoxicillin",2010,2023,2023,10.9666666666667,8.5,0.775075987841945,"Otitis_media","Spain","secondary","prev","Indication any time prior"
"374","IMASIS","amoxicillin",2010,2023,2023,1.2,2,1.66666666666667,"Sinusitis","Spain","secondary","prev","Indication any time prior"
"375","IMASIS","amoxicillin",2010,2023,2023,10.2666666666667,3.6,0.350649350649351,"Covid_19","Spain","secondary","prev","Indication during prior 30 days"
"376","IMASIS","amoxicillin",2010,2023,2023,7.16666666666667,4.5,0.627906976744186,"Otitis_media","Spain","secondary","prev","Indication during prior 30 days"
"377","IMASIS","amoxicillin",2010,2023,2023,12.5,15.4,1.232,"Pneumonia","Spain","secondary","prev","Indication during prior 30 days"
"378","IMASIS","amoxicillin",2010,2023,2023,0.433333333333333,1,2.30769230769231,"Sinusitis","Spain","secondary","prev","Indication during prior 30 days"
"379","IMASIS","amoxicillin",2011,2023,2023,5.93333333333333,4.5,0.758426966292135,"Tonsillitis_pharyngitis","Spain","secondary","prev","Indication during prior 30 days"
"380","IMASIS","amoxicillin",2010,2023,2023,0.6,0.4,0.666666666666667,"Covid_19","Spain","secondary","prev","Indication on index date"
"381","IMASIS","amoxicillin",2010,2023,2023,4.96666666666667,6.2,1.24832214765101,"Infection","Spain","secondary","prev","Indication on index date"
"382","INT","amoxicillin",2012,2023,2023,0.4,1.2,3,"Chronic_bronchitis","Italy","secondary","prev","Indication any time prior"
"383","INT","amoxicillin",2013,2023,2023,0.6,1.3,2.16666666666667,"Pneumonia","Italy","secondary","prev","Indication any time prior"
"384","INT","amoxicillin",2010,2024,2023,1.06666666666667,1.9,1.78125,"Covid_19","Italy","secondary","prev","Indication any time prior"
"385","INT","amoxicillin",2010,2024,2023,3.63333333333333,6.05,1.6651376146789,"Infection","Italy","secondary","prev","Indication any time prior"
"386","INT","amoxicillin",2010,2023,2023,1,0.7,0.7,"Covid_19","Italy","secondary","prev","Indication during prior 30 days"
"387","INT","amoxicillin",2010,2024,2023,1.76666666666667,3.2,1.81132075471698,"Infection","Italy","secondary","prev","Indication during prior 30 days"
"388","IPCI","amoxicillin",2010,2023,2023,15.3333333333333,32.5,2.1195652173913,"Covid_19","Netherlands","primary","prev","Indication any time prior"
"389","IPCI","amoxicillin",2010,2023,2023,4.36666666666667,1,0.229007633587786,"Covid_19","Netherlands","primary","prev","Indication during prior 30 days"
"390","IPCI","amoxicillin",2010,2023,2023,6.83333333333333,9.4,1.37560975609756,"Pneumonia","Netherlands","primary","prev","Indication during prior 30 days"
"391","IPCI","amoxicillin",2010,2023,2023,2.1,0.5,0.238095238095238,"Covid_19","Netherlands","primary","prev","Indication on index date"
"392","IPCI","amoxicillin",2010,2023,2023,6.26666666666667,8.8,1.40425531914894,"Pneumonia","Netherlands","primary","prev","Indication on index date"
"393","InGef RDB","amoxicillin",2013,2023,2023,1.33333333333333,1.7,1.275,"Otitis_media","Germany","claims P+S","prev","Indication any time prior"
"394","InGef RDB","amoxicillin",2013,2023,2023,0.0333333333333333,0,0,"Urethritis","Germany","claims P+S","prev","Indication any time prior"
"395","InGef RDB","amoxicillin",2014,2023,2023,1.2,2.6,2.16666666666667,"Covid_19","Germany","claims P+S","prev","Indication any time prior"
"396","InGef RDB","amoxicillin",2013,2023,2023,0.1,0,0,"Cystitis_bacteriuria","Germany","claims P+S","prev","Indication during prior 30 days"
"397","InGef RDB","amoxicillin",2013,2023,2023,0.266666666666667,0.1,0.375,"Helicobacter_pylori","Germany","claims P+S","prev","Indication during prior 30 days"
"398","InGef RDB","amoxicillin",2013,2023,2023,0.1,0.2,2,"Otitis_media","Germany","claims P+S","prev","Indication during prior 30 days"
"399","InGef RDB","amoxicillin",2013,2023,2023,0.0333333333333333,0,0,"Covid_19","Germany","claims P+S","prev","Indication on index date"
"400","InGef RDB","amoxicillin",2013,2023,2023,0.0666666666666667,0,0,"Helicobacter_pylori","Germany","claims P+S","prev","Indication on index date"
"401","InGef RDB","amoxicillin",2013,2023,2023,0.0333333333333333,0.1,3,"Otitis_media","Germany","claims P+S","prev","Indication on index date"
"402","InGef RDB","amoxicillin",2013,2023,2023,0,0.1,Inf,"Tonsillitis_pharyngitis","Germany","claims P+S","prev","Indication on index date"
"403","OLVA MS","amoxicillin",2015,2023,2023,2.33333333333333,1.2,0.514285714285714,"Cystitis_bacteriuria","Belgium","secondary","prev","Indication any time prior"
"404","OLVA MS","amoxicillin",2016,2023,2023,6.46666666666667,2.1,0.324742268041237,"Pyelonephritis","Belgium","secondary","prev","Indication any time prior"
"405","OLVA MS","amoxicillin",2015,2024,2023,9.66666666666667,3.7,0.382758620689655,"Covid_19","Belgium","secondary","prev","Indication any time prior"
"406","OLVA MS","amoxicillin",2015,2024,2023,15.3666666666667,4.65,0.302603036876356,"Otitis_media","Belgium","secondary","prev","Indication any time prior"
"407","OLVA MS","amoxicillin",2016,2024,2023,66.9333333333333,20.4,0.304780876494024,"Infection","Belgium","secondary","prev","Indication any time prior"
"408","OLVA MS","amoxicillin",2016,2024,2023,22.7666666666667,5.65,0.248169838945827,"Pneumonia","Belgium","secondary","prev","Indication any time prior"
"409","OLVA MS","amoxicillin",2016,2024,2023,7.56666666666667,2.15,0.284140969162996,"Tonsillitis_pharyngitis","Belgium","secondary","prev","Indication any time prior"
"410","OLVA MS","amoxicillin",2015,2024,2023,7.03333333333333,0,0,"Covid_19","Belgium","secondary","prev","Indication during prior 30 days"
"411","OLVA MS","amoxicillin",2015,2024,2023,1.7,0,0,"Cystitis_bacteriuria","Belgium","secondary","prev","Indication during prior 30 days"
"412","OLVA MS","amoxicillin",2015,2024,2023,2.1,0,0,"Endocarditis","Belgium","secondary","prev","Indication during prior 30 days"
"413","OLVA MS","amoxicillin",2015,2024,2023,12.2333333333333,0,0,"Otitis_media","Belgium","secondary","prev","Indication during prior 30 days"
"414","OLVA MS","amoxicillin",2016,2024,2023,57.5333333333333,0,0,"Infection","Belgium","secondary","prev","Indication during prior 30 days"
"415","OLVA MS","amoxicillin",2016,2024,2023,17.8666666666667,0,0,"Pneumonia","Belgium","secondary","prev","Indication during prior 30 days"
"416","OLVA MS","amoxicillin",2016,2024,2023,4.9,0,0,"Pyelonephritis","Belgium","secondary","prev","Indication during prior 30 days"
"417","OLVA MS","amoxicillin",2016,2024,2023,6.13333333333333,0,0,"Tonsillitis_pharyngitis","Belgium","secondary","prev","Indication during prior 30 days"
"418","OLVA MS","amoxicillin",2015,2024,2023,2.85,0,0,"Covid_19","Belgium","secondary","prev","Indication on index date"
"419","OLVA MS","amoxicillin",2015,2024,2023,6.46666666666667,0,0,"Otitis_media","Belgium","secondary","prev","Indication on index date"
"420","OLVA MS","amoxicillin",2015,2024,2023,7.56666666666667,0,0,"Pneumonia","Belgium","secondary","prev","Indication on index date"
"421","OLVA MS","amoxicillin",2015,2024,2023,1.2,0,0,"Pyelonephritis","Belgium","secondary","prev","Indication on index date"
"422","OLVA MS","amoxicillin",2015,2024,2023,2.9,0,0,"Tonsillitis_pharyngitis","Belgium","secondary","prev","Indication on index date"
"423","OLVA MS","amoxicillin",2016,2024,2023,21.7,0,0,"Infection","Belgium","secondary","prev","Indication on index date"
"424","OPCRD","amoxicillin",2010,2024,2023,7.3,21.75,2.97945205479452,"Covid_19","UK","primary","prev","Indication any time prior"
"425","OPCRD","amoxicillin",2010,2024,2023,3.96666666666667,5.55,1.39915966386555,"Cystitis_bacteriuria","UK","primary","prev","Indication any time prior"
"426","OPCRD","amoxicillin",2010,2024,2023,0.0666666666666667,0.1,1.5,"Endocarditis","UK","primary","prev","Indication any time prior"
"427","OPCRD","amoxicillin",2010,2024,2023,1,1.65,1.65,"Helicobacter_pylori","UK","primary","prev","Indication any time prior"
"428","OPCRD","amoxicillin",2010,2024,2023,63.8333333333333,82.95,1.29947780678851,"Infection","UK","primary","prev","Indication any time prior"
"429","OPCRD","amoxicillin",2010,2024,2023,0.1,0.3,3,"Lyme_disease","UK","primary","prev","Indication any time prior"
"430","OPCRD","amoxicillin",2010,2024,2023,2.83333333333333,5.9,2.08235294117647,"Orthopaedic_surgery","UK","primary","prev","Indication any time prior"
"431","OPCRD","amoxicillin",2010,2024,2023,15.8,22.4,1.41772151898734,"Otitis_media","UK","primary","prev","Indication any time prior"
"432","OPCRD","amoxicillin",2010,2024,2023,3.93333333333333,5.75,1.46186440677966,"Pneumonia","UK","primary","prev","Indication any time prior"
"433","OPCRD","amoxicillin",2010,2024,2023,1.16666666666667,1.9,1.62857142857143,"Pyelonephritis","UK","primary","prev","Indication any time prior"
"434","OPCRD","amoxicillin",2010,2024,2023,10.1333333333333,15.9,1.56907894736842,"Sinusitis","UK","primary","prev","Indication any time prior"
"435","OPCRD","amoxicillin",2010,2024,2023,22.5,29.85,1.32666666666667,"Tonsillitis_pharyngitis","UK","primary","prev","Indication any time prior"
"436","OPCRD","amoxicillin",2010,2024,2023,0.0333333333333333,0,0,"Urethritis","UK","primary","prev","Indication any time prior"
"437","OPCRD","amoxicillin",2010,2024,2023,1.83333333333333,1,0.545454545454546,"Covid_19","UK","primary","prev","Indication during prior 30 days"
"438","OPCRD","amoxicillin",2010,2024,2023,0.3,0.45,1.5,"Helicobacter_pylori","UK","primary","prev","Indication during prior 30 days"
"439","OPCRD","amoxicillin",2010,2024,2023,17.8666666666667,28.4,1.58955223880597,"Infection","UK","primary","prev","Indication during prior 30 days"
"440","OPCRD","amoxicillin",2010,2024,2023,4.36666666666667,6.4,1.46564885496183,"Otitis_media","UK","primary","prev","Indication during prior 30 days"
"441","OPCRD","amoxicillin",2010,2024,2023,0.2,0.35,1.75,"Pneumonia","UK","primary","prev","Indication during prior 30 days"
"442","OPCRD","amoxicillin",2010,2024,2023,1.2,1.5,1.25,"Sinusitis","UK","primary","prev","Indication during prior 30 days"
"443","OPCRD","amoxicillin",2010,2024,2023,0.8,0.5,0.625,"Covid_19","UK","primary","prev","Indication on index date"
"444","OPCRD","amoxicillin",2010,2024,2023,0.2,0.35,1.75,"Helicobacter_pylori","UK","primary","prev","Indication on index date"
"445","OPCRD","amoxicillin",2010,2024,2023,14.3,23.95,1.67482517482518,"Infection","UK","primary","prev","Indication on index date"
"446","OPCRD","amoxicillin",2010,2024,2023,4.1,6.05,1.47560975609756,"Otitis_media","UK","primary","prev","Indication on index date"
"447","OPCRD","amoxicillin",2010,2024,2023,0.0666666666666667,0.2,3,"Pneumonia","UK","primary","prev","Indication on index date"
"448","OPCRD","amoxicillin",2010,2024,2023,1.06666666666667,1.3,1.21875,"Sinusitis","UK","primary","prev","Indication on index date"
"449","P+","amoxicillin",2015,2023,2023,6.53333333333333,13.5,2.06632653061224,"Covid_19","USA","claims P+S","prev","Indication any time prior"
"450","P+","amoxicillin",2016,2023,2023,0.533333333333333,0.7,1.3125,"Pyelonephritis","USA","claims P+S","prev","Indication any time prior"
"451","P+","amoxicillin",2015,2023,2023,0.733333333333333,0.9,1.22727272727273,"Covid_19","USA","claims P+S","prev","Indication during prior 30 days"
"452","P+","amoxicillin",2015,2023,2023,19.3333333333333,26.9,1.39137931034483,"Infection","USA","claims P+S","prev","Indication during prior 30 days"
"453","P+","amoxicillin",2015,2023,2023,0.633333333333333,0.5,0.789473684210526,"Pneumonia","USA","claims P+S","prev","Indication during prior 30 days"
"454","P+","amoxicillin",2015,2023,2023,10.1666666666667,15.1,1.48524590163934,"Tonsillitis_pharyngitis","USA","claims P+S","prev","Indication during prior 30 days"
"455","P+","amoxicillin",2015,2023,2023,0.7,0.5,0.714285714285714,"Covid_19","USA","claims P+S","prev","Indication on index date"
"456","P+","amoxicillin",2015,2023,2023,13.2333333333333,20.5,1.54911838790932,"Infection","USA","claims P+S","prev","Indication on index date"
"457","P+","amoxicillin",2015,2023,2023,7.93333333333333,12.3,1.55042016806723,"Tonsillitis_pharyngitis","USA","claims P+S","prev","Indication on index date"
"458","PRISIB","amoxicillin",2011,2023,2023,12.9666666666667,29.8,2.29820051413882,"Covid_19","Spain","EHR P+S","prev","Indication any time prior"
"459","PRISIB","amoxicillin",2011,2023,2023,5.2,6.4,1.23076923076923,"Pneumonia","Spain","EHR P+S","prev","Indication any time prior"
"460","PRISIB","amoxicillin",2011,2023,2023,1.23333333333333,0.2,0.162162162162162,"Covid_19","Spain","EHR P+S","prev","Indication during prior 30 days"
"461","PRISIB","amoxicillin",2011,2023,2023,0.4,0.3,0.75,"Cystitis_bacteriuria","Spain","EHR P+S","prev","Indication during prior 30 days"
"462","PRISIB","amoxicillin",2011,2023,2023,0.733333333333333,1.3,1.77272727272727,"Pneumonia","Spain","EHR P+S","prev","Indication during prior 30 days"
"463","PRISIB","amoxicillin",2011,2023,2023,1.23333333333333,1.8,1.45945945945946,"Sinusitis","Spain","EHR P+S","prev","Indication during prior 30 days"
"464","PRISIB","amoxicillin",2011,2023,2023,0,0.1,Inf,"Chronic_bronchitis","Spain","EHR P+S","prev","Indication on index date"
"465","PRISIB","amoxicillin",2011,2023,2023,0.2,0.1,0.5,"Covid_19","Spain","EHR P+S","prev","Indication on index date"
"466","PRISIB","amoxicillin",2011,2023,2023,0.2,0.1,0.5,"Cystitis_bacteriuria","Spain","EHR P+S","prev","Indication on index date"
"467","PRISIB","amoxicillin",2011,2023,2023,0.433333333333333,0.8,1.84615384615385,"Pneumonia","Spain","EHR P+S","prev","Indication on index date"
"468","PRISIB","amoxicillin",2011,2023,2023,0.9,1.1,1.22222222222222,"Sinusitis","Spain","EHR P+S","prev","Indication on index date"
"469","PSSJD","amoxicillin",2017,2023,2023,3.93333333333333,2.2,0.559322033898305,"Covid_19","Spain","secondary","prev","Indication any time prior"
"470","SCIFI-PEARL","amoxicillin",2018,2023,2023,0.733333333333333,0.9,1.22727272727273,"Chronic_bronchitis","Sweden","EHR P+S","prev","Indication any time prior"
"471","SCIFI-PEARL","amoxicillin",2018,2023,2023,11.0333333333333,22.4,2.03021148036254,"Covid_19","Sweden","EHR P+S","prev","Indication any time prior"
"472","SCIFI-PEARL","amoxicillin",2018,2023,2023,1.8,2.2,1.22222222222222,"Lyme_disease","Sweden","EHR P+S","prev","Indication any time prior"
"473","SCIFI-PEARL","amoxicillin",2018,2023,2023,1.8,2.2,1.22222222222222,"Orthopaedic_surgery","Sweden","EHR P+S","prev","Indication any time prior"
"474","SCIFI-PEARL","amoxicillin",2018,2023,2023,11.3333333333333,15.7,1.38529411764706,"Otitis_media","Sweden","EHR P+S","prev","Indication any time prior"
"475","SCIFI-PEARL","amoxicillin",2018,2023,2023,0.4,0.5,1.25,"Urethritis","Sweden","EHR P+S","prev","Indication any time prior"
"476","SCIFI-PEARL","amoxicillin",2018,2023,2023,1.93333333333333,1.1,0.568965517241379,"Covid_19","Sweden","EHR P+S","prev","Indication during prior 30 days"
"477","SCIFI-PEARL","amoxicillin",2018,2023,2023,5.66666666666667,8,1.41176470588235,"Otitis_media","Sweden","EHR P+S","prev","Indication during prior 30 days"
"478","SCIFI-PEARL","amoxicillin",2018,2023,2023,1.03333333333333,1.5,1.45161290322581,"Tonsillitis_pharyngitis","Sweden","EHR P+S","prev","Indication during prior 30 days"
"479","SCIFI-PEARL","amoxicillin",2018,2023,2023,0.233333333333333,0.1,0.428571428571429,"Covid_19","Sweden","EHR P+S","prev","Indication on index date"
"480","SCIFI-PEARL","amoxicillin",2018,2023,2023,0.3,0.2,0.666666666666667,"Cystitis_bacteriuria","Sweden","EHR P+S","prev","Indication on index date"
"481","SCIFI-PEARL","amoxicillin",2018,2023,2023,3.9,5.1,1.30769230769231,"Otitis_media","Sweden","EHR P+S","prev","Indication on index date"
"482","SCIFI-PEARL","amoxicillin",2018,2023,2023,0.5,0.7,1.4,"Tonsillitis_pharyngitis","Sweden","EHR P+S","prev","Indication on index date"
"483","TAUH","amoxicillin",2010,2023,2023,9.9,19.2,1.93939393939394,"Covid_19","Finland","secondary","prev","Indication any time prior"
"484","TAUH","amoxicillin",2010,2023,2023,2.33333333333333,3,1.28571428571429,"Tonsillitis_pharyngitis","Finland","secondary","prev","Indication any time prior"
"485","TAUH","amoxicillin",2011,2023,2023,1,1.3,1.3,"Chronic_bronchitis","Finland","secondary","prev","Indication any time prior"
"486","TAUH","amoxicillin",2011,2023,2023,3.63333333333333,4.6,1.26605504587156,"Orthopaedic_surgery","Finland","secondary","prev","Indication any time prior"
"487","TAUH","amoxicillin",2010,2023,2023,7.16666666666667,10.4,1.45116279069767,"Covid_19","Finland","secondary","prev","Indication during prior 30 days"
"488","TAUH","amoxicillin",2010,2023,2023,0.533333333333333,0.4,0.75,"Orthopaedic_surgery","Finland","secondary","prev","Indication during prior 30 days"
"489","TAUH","amoxicillin",2010,2023,2023,1.2,1.5,1.25,"Sinusitis","Finland","secondary","prev","Indication during prior 30 days"
"490","TAUH","amoxicillin",2011,2023,2023,1.26666666666667,1,0.789473684210526,"Cystitis_bacteriuria","Finland","secondary","prev","Indication during prior 30 days"
"491","TAUH","amoxicillin",2011,2023,2023,0.5,0.7,1.4,"Tonsillitis_pharyngitis","Finland","secondary","prev","Indication during prior 30 days"
"492","TAUH","amoxicillin",2010,2023,2023,1.93333333333333,2.7,1.39655172413793,"Covid_19","Finland","secondary","prev","Indication on index date"
"493","THIN Belgium","amoxicillin",2010,2023,2023,0.966666666666667,0.6,0.620689655172414,"Chronic_bronchitis","Belgium","claims P+S","prev","Indication any time prior"
"494","THIN Belgium","amoxicillin",2010,2023,2023,2.13333333333333,3.2,1.5,"Covid_19","Belgium","claims P+S","prev","Indication any time prior"
"495","THIN Belgium","amoxicillin",2010,2023,2023,1.03333333333333,0.8,0.774193548387097,"Lyme_disease","Belgium","claims P+S","prev","Indication any time prior"
"496","THIN Belgium","amoxicillin",2010,2023,2023,6.2,8.4,1.35483870967742,"Pneumonia","Belgium","claims P+S","prev","Indication any time prior"
"497","THIN Belgium","amoxicillin",2010,2023,2023,1.8,1.3,0.722222222222222,"Cystitis_bacteriuria","Belgium","claims P+S","prev","Indication during prior 30 days"
"498","THIN Belgium","amoxicillin",2010,2023,2023,2.2,4.2,1.90909090909091,"Pneumonia","Belgium","claims P+S","prev","Indication during prior 30 days"
"499","THIN Belgium","amoxicillin",2010,2023,2023,1.46666666666667,1.1,0.75,"Cystitis_bacteriuria","Belgium","claims P+S","prev","Indication on index date"
"500","THIN Belgium","amoxicillin",2010,2023,2023,2.1,4.1,1.95238095238095,"Pneumonia","Belgium","claims P+S","prev","Indication on index date"
"501","THIN Italy","amoxicillin",2010,2023,2023,2.9,4.5,1.55172413793103,"Chronic_bronchitis","Italy","claims P+S","prev","Indication any time prior"
"502","THIN Italy","amoxicillin",2010,2023,2023,2.7,6.5,2.40740740740741,"Covid_19","Italy","claims P+S","prev","Indication any time prior"
"503","THIN Italy","amoxicillin",2010,2023,2023,4.86666666666667,9.4,1.93150684931507,"Cystitis_bacteriuria","Italy","claims P+S","prev","Indication any time prior"
"504","THIN Italy","amoxicillin",2010,2023,2023,15.5,23,1.48387096774194,"Infection","Italy","claims P+S","prev","Indication any time prior"
"505","THIN Italy","amoxicillin",2010,2023,2023,1.23333333333333,1.9,1.54054054054054,"Otitis_media","Italy","claims P+S","prev","Indication any time prior"
"506","THIN Italy","amoxicillin",2010,2023,2023,2.16666666666667,2.9,1.33846153846154,"Sinusitis","Italy","claims P+S","prev","Indication any time prior"
"507","THIN Italy","amoxicillin",2010,2023,2023,8.33333333333333,14.4,1.728,"Tonsillitis_pharyngitis","Italy","claims P+S","prev","Indication any time prior"
"508","THIN Italy","amoxicillin",2010,2023,2023,0.833333333333333,1.1,1.32,"Chronic_bronchitis","Italy","claims P+S","prev","Indication during prior 30 days"
"509","THIN Italy","amoxicillin",2010,2023,2023,0.833333333333333,1.4,1.68,"Cystitis_bacteriuria","Italy","claims P+S","prev","Indication during prior 30 days"
"510","THIN Italy","amoxicillin",2010,2023,2023,4.96666666666667,7.4,1.48993288590604,"Infection","Italy","claims P+S","prev","Indication during prior 30 days"
"511","THIN Italy","amoxicillin",2010,2023,2023,0.3,0.8,2.66666666666667,"Otitis_media","Italy","claims P+S","prev","Indication during prior 30 days"
"512","THIN Italy","amoxicillin",2010,2023,2023,0.566666666666667,1.1,1.94117647058824,"Sinusitis","Italy","claims P+S","prev","Indication during prior 30 days"
"513","THIN Italy","amoxicillin",2010,2023,2023,4.23333333333333,9.4,2.22047244094488,"Tonsillitis_pharyngitis","Italy","claims P+S","prev","Indication during prior 30 days"
"514","THIN Italy","amoxicillin",2010,2023,2023,0.533333333333333,0.9,1.6875,"Chronic_bronchitis","Italy","claims P+S","prev","Indication on index date"
"515","THIN Italy","amoxicillin",2010,2023,2023,0.533333333333333,1,1.875,"Cystitis_bacteriuria","Italy","claims P+S","prev","Indication on index date"
"516","THIN Italy","amoxicillin",2010,2023,2023,4.43333333333333,6.7,1.51127819548872,"Infection","Italy","claims P+S","prev","Indication on index date"
"517","THIN Italy","amoxicillin",2010,2023,2023,0.266666666666667,0.8,3,"Otitis_media","Italy","claims P+S","prev","Indication on index date"
"518","THIN Italy","amoxicillin",2010,2023,2023,0.533333333333333,1,1.875,"Sinusitis","Italy","claims P+S","prev","Indication on index date"
"519","THIN Italy","amoxicillin",2010,2023,2023,4.1,9.2,2.24390243902439,"Tonsillitis_pharyngitis","Italy","claims P+S","prev","Indication on index date"
"520","THIN Romania","amoxicillin",2010,2023,2023,2.93333333333333,6.3,2.14772727272727,"Covid_19","Romania","claims P+S","prev","Indication any time prior"
"521","THIN Romania","amoxicillin",2010,2023,2023,0.0666666666666667,0,0,"Endocarditis","Romania","claims P+S","prev","Indication any time prior"
"522","THIN Romania","amoxicillin",2011,2023,2023,6.5,4.7,0.723076923076923,"Chronic_bronchitis","Romania","claims P+S","prev","Indication any time prior"
"523","THIN Romania","amoxicillin",2010,2023,2023,2.46666666666667,1.2,0.486486486486486,"Chronic_bronchitis","Romania","claims P+S","prev","Indication during prior 30 days"
"524","THIN Romania","amoxicillin",2011,2023,2023,3.8,4.7,1.23684210526316,"Pneumonia","Romania","claims P+S","prev","Indication during prior 30 days"
"525","THIN Romania","amoxicillin",2012,2023,2023,2.1,1.6,0.761904761904762,"Cystitis_bacteriuria","Romania","claims P+S","prev","Indication during prior 30 days"
"526","THIN Romania","amoxicillin",2010,2023,2023,2.23333333333333,1.1,0.492537313432836,"Chronic_bronchitis","Romania","claims P+S","prev","Indication on index date"
"527","ULSGE","amoxicillin",2010,2023,2023,1.8,2.3,1.27777777777778,"Chronic_bronchitis","Portugal","secondary","prev","Indication any time prior"
"528","ULSGE","amoxicillin",2010,2023,2023,1.5,2.9,1.93333333333333,"Covid_19","Portugal","secondary","prev","Indication any time prior"
"529","ULSGE","amoxicillin",2010,2023,2023,13.2666666666667,20.2,1.52261306532663,"Pneumonia","Portugal","secondary","prev","Indication any time prior"
"530","ULSGE","amoxicillin",2013,2023,2023,1.6,2.3,1.4375,"Sinusitis","Portugal","secondary","prev","Indication any time prior"
"531","ULSGE","amoxicillin",2010,2023,2023,27.2333333333333,17.3,0.635250917992656,"Otitis_media","Portugal","secondary","prev","Indication during prior 30 days"
"532","ULSGE","amoxicillin",2010,2023,2023,5.63333333333333,10.4,1.84615384615385,"Pneumonia","Portugal","secondary","prev","Indication during prior 30 days"
"533","ULSGE","amoxicillin",2010,2023,2023,26.2333333333333,16.8,0.640406607369759,"Otitis_media","Portugal","secondary","prev","Indication on index date"
"534","ULSGE","amoxicillin",2010,2023,2023,4.83333333333333,9.1,1.88275862068966,"Pneumonia","Portugal","secondary","prev","Indication on index date"
"535","ULSGE","amoxicillin",2011,2023,2023,5.23333333333333,6.4,1.22292993630573,"Tonsillitis_pharyngitis","Portugal","secondary","prev","Indication on index date"
"536","ULSRA","amoxicillin",2010,2023,2023,5.05,8.1,1.6039603960396,"Covid_19","Portugal","secondary","prev","Indication any time prior"
"537","ULSRA","amoxicillin",2010,2023,2023,27.1666666666667,40.4,1.48711656441718,"Tonsillitis_pharyngitis","Portugal","secondary","prev","Indication any time prior"
"538","ULSRA","amoxicillin",2011,2023,2023,13.6333333333333,25.4,1.86308068459658,"Tonsillitis_pharyngitis","Portugal","secondary","prev","Indication during prior 30 days"
"539","ULSRA","amoxicillin",2010,2023,2023,26.4666666666667,32.3,1.22040302267003,"Infection","Portugal","secondary","prev","Indication on index date"
"540","ULSRA","amoxicillin",2011,2023,2023,11.9666666666667,24,2.00557103064067,"Tonsillitis_pharyngitis","Portugal","secondary","prev","Indication on index date"
"541","UM DRESDEN","amoxicillin",2018,2023,2023,10.5666666666667,3.7,0.350157728706625,"Covid_19","Germany","secondary","prev","Indication any time prior"
"542","UM DRESDEN","amoxicillin",2018,2023,2023,2.1,2.9,1.38095238095238,"Otitis_media","Germany","secondary","prev","Indication any time prior"
"543","UM DRESDEN","amoxicillin",2018,2023,2023,9.13333333333333,5.7,0.624087591240876,"Pneumonia","Germany","secondary","prev","Indication any time prior"
"544","UM DRESDEN","amoxicillin",2021,2023,2023,2,2.9,1.45,"Orthopaedic_surgery","Germany","secondary","prev","Indication any time prior"
"545","UM DRESDEN","amoxicillin",2018,2023,2023,6.4,3.4,0.53125,"Pneumonia","Germany","secondary","prev","Indication during prior 30 days"
"546","UM DRESDEN","amoxicillin",2018,2023,2023,11.1333333333333,14.3,1.28443113772455,"Infection","Germany","secondary","prev","Indication on index date"
"547","UZA","amoxicillin",2021,2023,2023,2.8,2.1,0.75,"Cystitis_bacteriuria","Belgium","secondary","prev","Indication any time prior"
"548","UZA","amoxicillin",2021,2023,2023,44.05,32.2,0.730987514188422,"Infection","Belgium","secondary","prev","Indication any time prior"
"549","UZA","amoxicillin",2021,2023,2023,21.55,15.6,0.723897911832947,"Pneumonia","Belgium","secondary","prev","Indication any time prior"
"550","UZA","amoxicillin",2021,2023,2023,1.55,0,0,"Covid_19","Belgium","secondary","prev","Indication during prior 30 days"
"551","UZA","amoxicillin",2021,2023,2023,0.85,0,0,"Cystitis_bacteriuria","Belgium","secondary","prev","Indication during prior 30 days"
"552","UZA","amoxicillin",2021,2023,2023,43.5,0,0,"Infection","Belgium","secondary","prev","Indication during prior 30 days"
"553","UZA","amoxicillin",2021,2023,2023,20.3,0,0,"Pneumonia","Belgium","secondary","prev","Indication during prior 30 days"
"554","UZA","amoxicillin",2021,2023,2023,0.95,0,0,"Pyelonephritis","Belgium","secondary","prev","Indication during prior 30 days"
"555","UZA","amoxicillin",2021,2023,2023,2.05,0,0,"Infection","Belgium","secondary","prev","Indication on index date"
"556","UZA","amoxicillin",2021,2023,2023,0.85,0,0,"Pneumonia","Belgium","secondary","prev","Indication on index date"
"557","AP-HM","amoxicillin",2014,2024,2023,3.66666666666667,1,0.272727272727273,"amoxicillin","France","secondary","inc","duration"
"558","HULAFE","amoxicillin",2016,2023,2023,9,6,0.666666666666667,"amoxicillin","Spain","EHR P+S","inc","duration"
"559","OLVA MS","amoxicillin",2015,2024,2023,155.566666666667,100,0.642811227769445,"amoxicillin","Belgium","secondary","inc","initial_daily_dose_milligram"
"560","OLVA MS","amoxicillin",2015,2024,2023,4.33333333333333,2.75,0.634615384615385,"amoxicillin","Belgium","secondary","inc","initial_quantity"
"561","OPCRD","amoxicillin",2010,2024,2023,3.83333333333333,1,0.260869565217391,"amoxicillin","UK","primary","inc","duration"
"562","POLIMI","amoxicillin",2016,2024,2023,2.66666666666667,2.125,0.796875,"amoxicillin","Italy","secondary","inc","duration"
"563","THIN Romania","amoxicillin",2014,2023,2023,1180.71666666667,333.3,0.282286182121028,"amoxicillin","Romania","claims P+S","inc","cumulative_dose_milligram"
"564","THIN Romania","amoxicillin",2014,2023,2023,108.933333333333,20,0.18359853121175,"amoxicillin","Romania","claims P+S","inc","initial_daily_dose_milligram"
"565","THIN Romania","amoxicillin",2014,2023,2023,1.75,0.7,0.4,"amoxicillin","Romania","claims P+S","inc","initial_quantity"
"566","AP-HM","amoxicillin",2014,2024,2023,3.5,1,0.285714285714286,"amoxicillin","France","secondary","prev","duration"
"567","OLVA MS","amoxicillin",2015,2024,2023,140.95,100,0.709471443774388,"amoxicillin","Belgium","secondary","prev","initial_daily_dose_milligram"
"568","OLVA MS","amoxicillin",2015,2024,2023,4,2.75,0.6875,"amoxicillin","Belgium","secondary","prev","initial_quantity"
"569","OPCRD","amoxicillin",2010,2024,2023,3.83333333333333,1,0.260869565217391,"amoxicillin","UK","primary","prev","duration"
"570","THIN Romania","amoxicillin",2010,2023,2023,1179.16666666667,250,0.212014134275618,"amoxicillin","Romania","claims P+S","prev","cumulative_dose_milligram"
"571","THIN Romania","amoxicillin",2010,2023,2023,108.883333333333,20,0.183682840961274,"amoxicillin","Romania","claims P+S","prev","initial_daily_dose_milligram"
"572","THIN Romania","amoxicillin",2010,2023,2023,1.75,0.5,0.285714285714286,"amoxicillin","Romania","claims P+S","prev","initial_quantity"
